URL Slug,Publish Date,Scheduled Date,Blog Post Title,Meta description,Meta Image,Meta Image Alt text,Author,Category ,Blog Post Tags,Blog Post Content
email-marketing,2025-01-16T09:00:00+00:00,,Email Marketing Best Practices,Email Marketing Best Practices,,,Far Beyond Marketing,Marketing,,"<h1>Email Marketing Best Practices</h1>

<p>Email remains one of the most effective marketing channels. Here's how to do it right.</p>

<h2>Tips for Success</h2>
<ul>
  <li>Segment your audience</li>
  <li>Personalize content</li>
  <li>Test subject lines</li>
</ul>

<p>Start implementing these <a href=""https://example.com/email"">email strategies</a> today!</p>
"
blog1-ai-marketing,2026-01-14T16:47:41.496170+00:00,,AI Marketing Revolution,AI Marketing Revolution,,,Far Beyond Marketing,AI,"ai,marketing,automation","<h1>The Future of AI Marketing</h1>

<p>AI is transforming how brands connect with audiences. <a href=""https://farbeyondmarketing.ai"">Learn more</a></p>

<h2>The New Era</h2>
<p>Marketing automation is here to stay.</p>"
blog2-social-media,2026-01-14T16:47:41.496352+00:00,,Social Media Strategy 2025,Social Media Strategy 2025,,,Marketing Team,Social Media,"social,strategy,growth","<h1>Social Media Strategy for 2025</h1>

<p>Building a winning social media presence takes strategy and consistency.</p>

<h2>Key Tactics</h2>
<p>Focus on engagement over followers. <a href=""https://example.com"">Read the full guide</a></p>"
